<productinfo xmlns:xsi="http://www.w3.org/2001/XMLSchema-instance" 
xsi:noNamespaceSchemaLocation="optional">
    <?xml-stylesheet type="text/xsl"href="optional"?>
    <!-- info.xml file for the Upslope toolbox -->
    <!-- Author: Steven L. Eddins -->
    <!-- Copyright 2007-2009 The MathWorks, Inc. -->
    
    <!-- Release element is not used, but provides documentation -->
    <matlabrelease>2010a</matlabrelease>
    <!-- (Required) The name element appears in the Contents pane -->
    <name>Upslope Area</name>
    <!-- (Required) The type elementidentifies your package; pick one: -->
    <!-- matlab, toolbox, simulink, blockset, links_targets  -->
    <type>toolbox</type>
    <!-- The icon element is used in the Start button -->
    <icon>sampleicon.gif</icon>
    <!-- (Required) The help_location is relative path to help (HTML) file folder -->
    <help_location>html</help_location>
    <!-- Optional list of entries to display on Start Menu -->
    <!-- Callback items are function calls or commands for toolbox -->
    <!-- You must Refresh the Start button to see your entries -->
    <!-- Remove this entire list if you do not want a Start button entry -->
    <list>
         <listitem>
            <!-- Include call to open your documentation, if any -->
            <label>Upslope Area Toolbox Documentation</label>
            <callback>web(fullfile(fileparts(which('upslopeArea')),'html','upslope_product_page.html'),'-helpbrowser')
            </callback>
        <icon>$toolbox/matlab/icons/bookicon.gif</icon>
        </listitem>

        <listitem>
            <!-- Include call to show release note, if any -->
            <label>Upslope Area Toolbox Release Notes</label>
            <callback>web(fullfile(fileparts(which('upslopeArea')),'html','upslope_release_notes.html'),'-helpbrowser')</callback>
            <icon>HelpIcon.RELEASE_NOTES</icon>
        </listitem>

        <listitem>
             <!-- Include call to open your Web site, if any -->
           <label>Upslope Area Toolbox Web Site</label>
            <callback>web http://www.mathworks.com/matlabcentral/fileexchange/15818-upslope-area-functions;</callback>
            <icon>$docroot/techdoc/matlab_env/examples/webicon.gif</icon>
        </listitem>
        <!-- Add listitems for other features of your toolbox... -->

    </list>
</productinfo>